Player Name,Image
강구성,https://search.pstatic.net/common?type=b&size=216&expire=1&refresh=true&quality=100&direct=true&src=http%3A%2F%2Fsstatic.naver.net%2Fpeople%2F16%2F201903251814469161.png
강민국,https://search.pstatic.net/common?type=b&size=216&expire=1&refresh=true&quality=100&direct=true&src=http%3A%2F%2Fsstatic.naver.net%2Fpeople%2F138%2F202205301222523221.png
강진성,https://search.pstatic.net/common?type=b&size=216&expire=1&refresh=true&quality=100&direct=true&src=http%3A%2F%2Fsstatic.naver.net%2Fpeople%2F2%2F202305261735331921.png
권희동,https://search.pstatic.net/common?type=b&size=216&expire=1&refresh=true&quality=100&direct=true&src=http%3A%2F%2Fsstatic.naver.net%2Fpeople%2F42%2F202304111400103301.png
김성욱,https://search.pstatic.net/common?type=b&size=216&expire=1&refresh=true&quality=100&direct=true&src=http%3A%2F%2Fsstatic.naver.net%2Fpeople%2F39%2F202304111343557531.png
김종찬,https://search.pstatic.net/common?type=b&size=216&expire=1&refresh=true&quality=100&direct=true&src=http%3A%2F%2Fsstatic.naver.net%2Fpeople%2F177%2F20130315162442321.jpg
김종호,https://search.pstatic.net/common?type=b&size=216&expire=1&refresh=true&quality=100&direct=true&src=http%3A%2F%2Fsstatic.naver.net%2Fpeople%2F179%2F201704111541336621.jpg
김철호,https://search.pstatic.net/common?type=b&size=216&expire=1&refresh=true&quality=100&direct=true&src=http%3A%2F%2Fsstatic.naver.net%2Fpeople%2F58%2F202304111547007401.png
김태진,https://search.pstatic.net/common?type=b&size=216&expire=1&refresh=true&quality=100&direct=true&src=http%3A%2F%2Fsstatic.naver.net%2Fpeople%2F161%2F202303291841166821.png
김형준,https://search.pstatic.net/common?type=b&size=216&expire=1&refresh=true&quality=100&direct=true&src=http%3A%2F%2Fsstatic.naver.net%2Fpeople%2F72%2F202304111629404271.png
나성범,https://search.pstatic.net/common?type=b&size=216&expire=1&refresh=true&quality=100&direct=true&src=http%3A%2F%2Fsstatic.naver.net%2Fpeople%2F115%2F202304071529582381.png
노진혁,https://search.pstatic.net/common?type=b&size=216&expire=1&refresh=true&quality=100&direct=true&src=http%3A%2F%2Fsstatic.naver.net%2Fpeople%2F122%2F202304141815364271.png
도태훈,https://search.pstatic.net/common?type=b&size=216&expire=1&refresh=true&quality=100&direct=true&src=http%3A%2F%2Fsstatic.naver.net%2Fpeople%2F73%2F202304111457367711.png
마낙길,https://search.pstatic.net/common?type=b&size=216&expire=1&refresh=true&quality=100&direct=true&src=http%3A%2F%2Fsstatic.naver.net%2Fpeople%2F163%2F201503201750045121.jpg
모창민,https://search.pstatic.net/common?type=b&size=216&expire=1&refresh=true&quality=100&direct=true&src=http%3A%2F%2Fsstatic.naver.net%2Fpeople%2F108%2F202303301700153731.png
박광열,https://search.pstatic.net/common?type=b&size=216&expire=1&refresh=true&quality=100&direct=true&src=http%3A%2F%2Fsstatic.naver.net%2Fpeople%2F62%2F202304111409245901.png
박민우,https://search.pstatic.net/common?type=b&size=216&expire=1&refresh=true&quality=100&direct=true&src=http%3A%2F%2Fsstatic.naver.net%2Fpeople%2F23%2F202304121127449501.png
박석민,https://search.pstatic.net/common?type=b&size=216&expire=1&refresh=true&quality=100&direct=true&src=http%3A%2F%2Fsstatic.naver.net%2Fpeople%2F179%2F202304121338135461.png
손시헌,https://search.pstatic.net/common?type=b&size=216&expire=1&refresh=true&quality=100&direct=true&src=http%3A%2F%2Fsstatic.naver.net%2Fpeople%2F72%2F202103301940263681.png
스크럭스,https://www.ncdinos.com/assets/images/sub/mascots01.png
오정복,https://search.pstatic.net/common?type=b&size=216&expire=1&refresh=true&quality=100&direct=true&src=http%3A%2F%2Fsstatic.naver.net%2Fpeople%2F61%2F201803051836489551.png
용덕한,https://search.pstatic.net/common?type=b&size=216&expire=1&refresh=true&quality=100&direct=true&src=http%3A%2F%2Fsstatic.naver.net%2Fpeople%2F157%2F202203312137088751.png
윤병호,https://search.pstatic.net/common?type=b&size=216&expire=1&refresh=true&quality=100&direct=true&src=http%3A%2F%2Fsstatic.naver.net%2Fpeople%2F18%2F202304121101325391.png
윤수강,https://search.pstatic.net/common?type=b&size=216&expire=1&refresh=true&quality=100&direct=true&src=http%3A%2F%2Fsstatic.naver.net%2Fpeople%2F137%2F202304121125253531.png
이명환,https://search.pstatic.net/common?type=b&size=216&expire=1&refresh=true&quality=100&direct=true&src=http%3A%2F%2Fsstatic.naver.net%2Fpeople%2F110%2F201303151659266231.jpg
이상호,https://search.pstatic.net/common?type=b&size=216&expire=1&refresh=true&quality=100&direct=true&src=http%3A%2F%2Fsstatic.naver.net%2Fpeople%2F124%2F202303311115021801.png
이승재,https://search.pstatic.net/common?type=b&size=216&expire=1&refresh=true&quality=100&direct=true&src=http%3A%2F%2Fsstatic.naver.net%2Fpeople%2F192%2F202203311939077621.png
이우성,https://search.pstatic.net/common?type=b&size=216&expire=1&refresh=true&quality=100&direct=true&src=http%3A%2F%2Fsstatic.naver.net%2Fpeople%2F34%2F202304071531536411.png
이원재,https://search.pstatic.net/common?type=b&size=216&quality=100&direct=true&src=http%3A%2F%2Fsstatic.naver.net%2Fpeople%2F119%2F202103292107482351.png
이재율,https://search.pstatic.net/common?type=b&size=216&quality=100&direct=true&src=http%3A%2F%2Fsstatic.naver.net%2Fpeople%2F134%2F202304171359497311.png
이종욱,https://search.pstatic.net/common?type=b&size=216&expire=1&refresh=true&quality=100&direct=true&src=http%3A%2F%2Fsstatic.naver.net%2Fpeople%2F14%2F20230412133236861.png
이태원,https://search.pstatic.net/common?type=b&size=216&expire=1&refresh=true&quality=100&direct=true&src=http%3A%2F%2Fsstatic.naver.net%2Fpeople%2F19%2F201503201823075271.jpg
이현곤,https://search.pstatic.net/common?type=b&size=216&expire=1&refresh=true&quality=100&direct=true&src=http%3A%2F%2Fsstatic.naver.net%2Fpeople%2F52%2F202304071517421761.png
조평호,https://search.pstatic.net/common?type=b&size=216&expire=1&refresh=true&quality=100&direct=true&src=http%3A%2F%2Fsstatic.naver.net%2Fpeople%2F194%2F201803301138178001.png
정범모,https://search.pstatic.net/common?type=b&size=216&expire=1&refresh=true&quality=100&direct=true&src=http%3A%2F%2Fsstatic.naver.net%2Fpeople%2F37%2F202304051125101461.png
조영훈,https://search.pstatic.net/common?type=b&size=216&expire=1&refresh=true&quality=100&direct=true&src=http%3A%2F%2Fsstatic.naver.net%2Fpeople%2F78%2F202304121341446601.png
지석훈,https://search.pstatic.net/common?type=b&size=216&expire=1&refresh=true&quality=100&direct=true&src=http%3A%2F%2Fsstatic.naver.net%2Fpeople%2F19%2F202304121226478321.png
최준석,https://search.pstatic.net/common?type=b&size=216&expire=1&refresh=true&quality=100&direct=true&src=http%3A%2F%2Fsstatic.naver.net%2Fpeople%2Fportrait%2F202204%2F20220411154214464.jpg
테임즈,https://www.ncdinos.com/assets/images/sub/mascots01.png
황윤호,https://search.pstatic.net/common?type=b&size=216&expire=1&refresh=true&quality=100&direct=true&src=http%3A%2F%2Fsstatic.naver.net%2Fpeople%2F7%2F202103241954022371.png
